品目分類,品番,品名,価格１,単位,診療区分,診療区分名,外来　使用量,入院　使用量,合計　使用量,外来　使用高,入院　使用高,合計　使用高,整形外科,,,,,,,,,,a・b・c,規格単位,外来規格単位数量,入院規格単位数量,
1,20000,"アルツディスポ関節注２５ｍｇ　１％",813,"筒",34,他注,18,0,18,14634,0,14634,18,,,,,,,,,,b,1,18,0,
1,20000,"アルツディスポ関節注２５ｍｇ　１％",813,"筒",40,処置,77,0,77,62601,0,62601,77,,,,,,,,,,,1,77,0,
1,20001,"デキサート注射液１．６５ｍｇ　０．",57,"Ａ",50,手術,8,0,8,456,0,456,8,,,,,,,,,,,1,8,0,
1,20027,"生理食塩液　２０ｍＬ",62,"Ａ",40,処置,8,0,8,496,0,496,8,,,,,,,,,,,1,8,0,
1,20027,"生理食塩液　２０ｍＬ",62,"Ａ",50,手術,19,0,19,1178,0,1178,19,,,,,,,,,,,1,19,0,
1,20288,"テラムロ配合錠ＡＰ「トーワ」",30.1,"錠",21,内服,30,0,30,903,0,903,30,,,,,,,,,,a,1,30,0,
1,20310,"ラクテック注　５００ｍＬ",215,"袋",33,点滴,21,0,21,4515,0,4515,21,,,,,,,,,,,1,21,0,
1,21076,"ロキソニン錠６０ｍｇ",11,"錠",22,屯服,290,0,290,3190,0,3190,290,,,,,,,,,,b,1,290,0,
1,21168,"タケプロンＯＤ錠１５　１５ｍｇ",36.9,"錠",21,内服,30,0,30,1107,0,1107,30,,,,,,,,,,b,1,30,0,
1,21175,"ムコスタ錠１００ｍｇ",10.1,"錠",22,屯服,290,0,290,2929,0,2929,290,,,,,,,,,,c,1,290,0,
1,21208,"フェブリク錠４０ｍｇ",92.5,"錠",21,内服,30,0,30,2775,0,2775,30,,,,,,,,,,b,1,30,0,
1,28002,"ゲンタシン軟膏０．１％　１ｍｇ",11,"ｇ",40,処置,21,0,21,231,0,231,21,,,,,,,,,,,1,21,0,
1,28002,"ゲンタシン軟膏０．１％　１ｍｇ",11,"ｇ",50,手術,12,0,12,132,0,132,12,,,,,,,,,,,1,12,0,
1,28007,"ヒルドイドソフト軟膏０．３％",20.1,"ｇ",40,処置,952,0,952,19135.2,0,19135.2,952,,,,,,,,,,,1,952,0,
1,28036,"ロキソニンテープ５０ｍｇ　７ｃｍ×",16.7,"枚",23,外用,14,0,14,233.8,0,233.8,14,,,,,,,,,,b,1,14,0,
1,28037,"ロキソニンテープ１００ｍｇ　１０ｃ",24.4,"枚",23,外用,364,0,364,8881.6,0,8881.6,364,,,,,,,,,,b,1,364,0,
1,30015,"ボンビバ静注１ｍｇシリンジ　１ｍＬ",4227,"筒",32,静脈,1,0,1,4227,0,4227,1,,,,,,,,,,,1,1,0,
1,30019,"キシロカイン注ポリアンプ１％　５ｍ",59,"Ａ",34,他注,9,0,9,531,0,531,9,,,,,,,,,,,1,9,0,
1,30019,"キシロカイン注ポリアンプ１％　５ｍ",59,"Ａ",40,処置,1,0,1,59,0,59,1,,,,,,,,,,,1,1,0,
1,30019,"キシロカイン注ポリアンプ１％　５ｍ",59,"Ａ",50,手術,11,0,11,649,0,649,11,,,,,,,,,,,1,11,0,
1,30025,"イベニティ皮下注１０５ｍｇシリンジ",25061,"筒",31,皮下,4,0,4,100244,0,100244,4,,,,,,,,,,,1,4,0,
1,30026,"プラリア皮下注６０ｍｇシリンジ　１",28136,"筒",31,皮下,3,0,3,84408,0,84408,3,,,,,,,,,,,1,3,0,
1,30045,"イソジン液１０％",2.46,"mL",40,処置,928,0,928,2282.88,0,2282.88,928,,,,,,,,,,,10,92.8,0,
1,30046,"キシロカイン注ポリアンプ１％　１０",85,"Ａ",50,手術,8,0,8,680,0,680,8,,,,,,,,,,,1,8,0,
1,30047,"ケナコルト－Ａ筋注用関節腔内用水懸",800,"瓶",34,他注,3.75,0,3.75,3000,0,3000,3.75,,,,,,,,,,,1,3.75,0,
1,30051,"ネオビタカイン注シリンジ５ｍＬ",343,"筒",50,手術,29,0,29,9947,0,9947,29,,,,,,,,,,,1,29,0,
1,30057,"生理食塩液ＰＬ「フソー」　２０ｍＬ",62,"Ａ",50,手術,8,0,8,496,0,496,8,,,,,,,,,,,1,8,0,
2,7004,"電子媒体保存撮影",0,"回",70,画像,1365,0,1365,0,0,0,1365,,,,,,,,,,,0,0,0,
2,40003,"マイクロファインプラス３１Ｇ",17,"本",4,,84,0,84,1428,0,1428,84,,,,,,,,,,,0,0,0,
3,0,"乳幼児時間外加算（初診）",200,,,,1,0,1,,,,1,,,,,,,,,,,0,0,0,
3,1000,"初診料",288,,,,322,0,322,,,,322,,,,,,,,,,,0,0,0,
3,1001,"時間外加算（初診）",85,,,,3,0,3,,,,3,,,,,,,,,,,0,0,0,
3,1002,"休日加算（初診）",250,,,,1,0,1,,,,1,,,,,,,,,,,0,0,0,
3,1004,"乳幼児加算（初診）",75,,,,18,0,18,,,,18,,,,,,,,,,,0,0,0,
3,1601,"労　初診料",3820,,,,17,0,17,,,,17,,,,,,,,,,,0,0,0,
3,1606,"労　救急管理加算外",1250,,,,12,0,12,,,,12,,,,,,,,,,,0,0,0,
3,8950,"夜間・早朝等加算（初診）",50,,,,29,0,29,,,,29,,,,,,,,,,,0,0,0,
3,3,"他保険にて再診料請求済み",0,,,,2,0,2,,,,2,,,,,,,,,,,0,0,0,
3,1022,"休日加算（再診）（入院外）",190,,,,4,0,4,,,,4,,,,,,,,,,,0,0,0,
3,1200,"明細書発行体制等加算",1,,,,1642,0,1642,,,,1642,,,,,,,,,,,0,0,0,
3,1251,"再診料",73,,,,1552,0,1552,,,,1552,,,,,,,,,,,0,0,0,
3,1254,"同日再診料",73,,,,2,0,2,,,,2,,,,,,,,,,,0,0,0,
3,1265,"外来管理加算",52,,,,207,0,207,,,,207,,,,,,,,,,,0,0,0,
3,1607,"労　同日再診",1400,,,,1,0,1,,,,1,,,,,,,,,,,0,0,0,
3,1620,"労　再診料",1400,,,,87,0,87,,,,87,,,,,,,,,,,0,0,0,
3,1697,"乳幼児加算（再診）",38,,,,8,0,8,,,,8,,,,,,,,,,,0,0,0,
3,8953,"夜間・早朝等加算（再診）",50,,,,95,0,95,,,,95,,,,,,,,,,,0,0,0,
3,1030,"特定疾患療養指導料",225,,,,3,0,3,,,,3,,,,,,,,,,,0,0,0,
3,1310,"診療情報提供Ａ",250,,,,11,0,11,,,,11,,,,,,,,,,,0,0,0,
3,1314,"療養費同意書交付料",100,,,,5,0,5,,,,5,,,,,,,,,,,0,0,0,
3,1315,"傷病金意見書交付料",100,,,,1,0,1,,,,1,,,,,,,,,,,0,0,0,
3,1616,"再診時療養指導管理料　生活",920,,,,88,0,88,,,,88,,,,,,,,,,,0,0,0,
3,1061,"在宅自己注射指導管理料（１以外）（",750,,,,3,0,3,,,,3,,,,,,,,,,,0,0,0,
3,1062,"在宅自己注射指導管理料（１以外）（",650,,,,3,0,3,,,,3,,,,,,,,,,,0,0,0,
4,9952,"内服・屯服調剤料",11,,,,16,0,16,,,,16,,,,,,,,,,,0,0,0,
4,9956,"外用調剤料",8,,,,16,0,16,,,,16,,,,,,,,,,,0,0,0,
4,9950,"処方料",42,,,,19,0,19,,,,19,,,,,,,,,,,0,0,0,
4,9955,"特定疾患処方管理加算２（処方料）",66,,,,1,0,1,,,,1,,,,,,,,,,,0,0,0,
5,3000,"皮下筋肉内注射",22,,,,5,0,5,,,,5,,,,,,,,,,,0,0,0,
5,3001,"静脈内注射",34,,,,1,0,1,,,,1,,,,,,,,,,,0,0,0,
5,3002,"点滴注射（５００）",99,,,,12,0,12,,,,12,,,,,,,,,,,0,0,0,
5,3034,"関節腔内注射",80,,,,19,0,19,,,,19,,,,,,,,,,,0,0,0,
5,3035,"腱鞘内注射",27,,,,13,0,13,,,,13,,,,,,,,,,,0,0,0,
6,1667,"労　消炎鎮痛等１日",35,,,,63,0,63,,,,63,,,,,,,,,,,0,0,0,
6,4000,"労　処置１．５加算",1.5,,,,36,0,36,,,,36,,,,,,,,,,,0,0,0,
6,4001,"労　処置２．０加算",2,,,,8,0,8,,,,8,,,,,,,,,,,0,0,0,
6,4049,"胸部固定帯加算",170,,,,3,0,3,,,,3,,,,,,,,,,,0,0,0,
6,4059,"関節穿刺",120,,,,78,0,78,,,,78,,,,,,,,,,,0,0,0,
6,4066,"胸部固定帯固定",35,,,,4,0,4,,,,4,,,,,,,,,,,0,0,0,
6,4069,"頸部固定帯加算",170,,,,1,0,1,,,,1,,,,,,,,,,,0,0,0,
6,4070,"鶏眼・胼胝処置",170,,,,3,0,3,,,,3,,,,,,,,,,,0,0,0,
6,4084,"四肢ギプスシーネ（半肢）（片）",780,,,,2,0,2,,,,2,,,,,,,,,,,0,0,0,
6,4085,"四肢ギプスシーネ（上肢、下肢）（片",1200,,,,2,0,2,,,,2,,,,,,,,,,,0,0,0,
6,4086,"四肢ギプスシーネ（手指及び手、足）",490,,,,28,0,28,,,,28,,,,,,,,,,,0,0,0,
6,4095,"消炎鎮痛等処置器具",35,,,,223,0,223,,,,223,,,,,,,,,,,0,0,0,
6,4107,"粘（滑）液嚢穿刺注入（片）",80,,,,2,0,2,,,,2,,,,,,,,,,,0,0,0,
6,4113,"創傷処置１",52,,,,40,0,40,,,,40,,,,,,,,,,,0,0,0,
6,4118,"治療用装具採寸法",200,,,,1,0,1,,,,1,,,,,,,,,,,0,0,0,
6,4129,"絆創膏固定術",500,,,,28,0,28,,,,28,,,,,,,,,,,0,0,0,
6,4146,"腰部固定帯固定",35,,,,19,0,19,,,,19,,,,,,,,,,,0,0,0,
6,4153,"腰部固定帯加算",170,,,,19,0,19,,,,19,,,,,,,,,,,0,0,0,
6,4181,"ギプス・指、手、足",490,,,,1,0,1,,,,1,,,,,,,,,,,0,0,0,
6,4182,"ギプス・半肢",780,,,,9,0,9,,,,9,,,,,,,,,,,0,0,0,
6,4184,"ギプス・上肢、下肢",1200,,,,1,0,1,,,,1,,,,,,,,,,,0,0,0,
6,4220,"ギプス３歳未満加算",1.55,,,,1,0,1,,,,1,,,,,,,,,,,0,0,0,
6,9965,"処置時間外",1.4,,,,1,0,1,,,,1,,,,,,,,,,,0,0,0,
6,40009,"治療用装具採型法（四肢装具）",700,,,,1,0,1,,,,1,,,,,,,,,,,0,0,0,
6,40010,"治療用装具採型法（その他）",200,,,,8,0,8,,,,8,,,,,,,,,,,0,0,0,
7,5002,"幼児加算（手術）（３歳以上６歳未満",1.5,,,,2,0,2,,,,2,,,,,,,,,,,0,0,0,
7,5010,"陥入爪手術　簡単",1400,"指",,,3,0,3,,,,3,,,,,,,,,,,0,0,0,
7,5021,"非観血整復的　足他",1440,,,,9,0,9,,,,9,,,,,,,,,,,0,0,0,
7,5022,"非観血的整復　手",1440,,,,6,0,6,,,,6,,,,,,,,,,,0,0,0,
7,5024,"非観血的整復　下腿",1780,,,,2,0,2,,,,2,,,,,,,,,,,0,0,0,
7,5026,"非観血的整復　上腕",1600,,,,1,0,1,,,,1,,,,,,,,,,,0,0,0,
7,5027,"非観血的整復　鎖骨",1440,,,,1,0,1,,,,1,,,,,,,,,,,0,0,0,
7,5028,"非観血的整復　膝蓋",1440,,,,1,0,1,,,,1,,,,,,,,,,,0,0,0,
7,5043,"創傷処理達しない小",530,,,,6,0,6,,,,6,,,,,,,,,,,0,0,0,
7,5063,"切開　（小）",640,,,,1,0,1,,,,1,,,,,,,,,,,0,0,0,
7,5072,"トリガポイント注射",80,,,,25,0,25,,,,25,,,,,,,,,,,0,0,0,
7,5079,"仙骨部ブロック　１",340,,,,6,0,6,,,,6,,,,,,,,,,,0,0,0,
7,5094,"脱臼非観血的　小児",960,,,,2,0,2,,,,2,,,,,,,,,,,0,0,0,
7,5104,"小児創傷処置５",500,,,,1,0,1,,,,1,,,,,,,,,,,0,0,0,
7,5500,"労　手術１．５加算",1.5,,,,1,0,1,,,,1,,,,,,,,,,,0,0,0,
7,9969,"手術時間外",1.4,,,,1,0,1,,,,1,,,,,,,,,,,0,0,0,
7,9975,"手術　乳児加算",2,,,,2,0,2,,,,2,,,,,,,,,,,0,0,0,
7,20241,"腕神経叢ブロック（局所麻酔剤又はボ",170,,,,2,0,2,,,,2,,,,,,,,,,,0,0,0,
8,213,"末梢血液像（自動機械法）",15,,,,23,0,23,,,,23,,,,,,,,,,,0,0,0,
8,818,"抗核抗体（蛍光抗体法）定性",102,,,,4,0,4,,,,4,,,,,,,,,,,0,0,0,
8,1297,"Ｂ－ＣＲＰ",16,,,,14,0,14,,,,14,,,,,,,,,,,0,0,0,
8,1340,"検査カウント",0,,,,23,0,23,,,,23,,,,,,,,,,,0,0,0,
8,6001,"Ｂ－Ｖ",37,,,,23,0,23,,,,23,,,,,,,,,,,0,0,0,
8,6020,"超音波検査（断層撮",350,,,,107,0,107,,,,107,,,,,,,,,,,0,0,0,
8,6105,"末梢血液一般検査",21,,,,23,0,23,,,,23,,,,,,,,,,,0,0,0,
8,6137,"ＴＰ",11,,,,23,0,23,,,,23,,,,,,,,,,,0,0,0,
8,6150,"アルブミン",11,,,,23,0,23,,,,23,,,,,,,,,,,0,0,0,
8,6152,"ＢＵＮ",11,,,,23,0,23,,,,23,,,,,,,,,,,0,0,0,
8,6154,"クレアチニン",11,,,,23,0,23,,,,23,,,,,,,,,,,0,0,0,
8,6155,"尿酸",11,,,,23,0,23,,,,23,,,,,,,,,,,0,0,0,
8,6156,"グルコース",11,,,,14,0,14,,,,14,,,,,,,,,,,0,0,0,
8,6159,"ＡＬＰ",11,,,,18,0,18,,,,18,,,,,,,,,,,0,0,0,
8,6160,"Ｎａ，Ｃ・",11,,,,23,0,23,,,,23,,,,,,,,,,,0,0,0,
8,6161,"Ｂ－カリウム",11,,,,23,0,23,,,,23,,,,,,,,,,,0,0,0,
8,6162,"Ｃａ",11,,,,18,0,18,,,,18,,,,,,,,,,,0,0,0,
8,6163,"Ｂ－Ｐ及びＨＰＯ４",17,,,,4,0,4,,,,4,,,,,,,,,,,0,0,0,
8,6168,"アミラーゼ",11,,,,14,0,14,,,,14,,,,,,,,,,,0,0,0,
8,6170,"γ－ＧＴＰ",11,,,,23,0,23,,,,23,,,,,,,,,,,0,0,0,
8,6172,"ＣＰＫ",11,,,,19,0,19,,,,19,,,,,,,,,,,0,0,0,
8,6174,"Ｂ－ＬＤＨ",11,,,,23,0,23,,,,23,,,,,,,,,,,0,0,0,
8,6176,"ＴＧ",11,,,,14,0,14,,,,14,,,,,,,,,,,0,0,0,
8,6181,"ＧＯＴ",17,,,,23,0,23,,,,23,,,,,,,,,,,0,0,0,
8,6182,"ＧＰＴ",17,,,,23,0,23,,,,23,,,,,,,,,,,0,0,0,
8,6183,"総コレステ",17,,,,23,0,23,,,,23,,,,,,,,,,,0,0,0,
8,6196,"ＨＤＬ－コレステ",17,,,,4,0,4,,,,4,,,,,,,,,,,0,0,0,
8,6281,"Ｂ－ＴＲＡＣＰ－５ｂ",156,,,,4,0,4,,,,4,,,,,,,,,,,0,0,0,
8,6296,"Ｂ－血清補体価ＣＨ",38,,,,4,0,4,,,,4,,,,,,,,,,,0,0,0,
8,6317,"ＲＦ定量",30,,,,9,0,9,,,,9,,,,,,,,,,,0,0,0,
8,6334,"抗シトルリン化ペプチド抗体定量",198,,,,4,0,4,,,,4,,,,,,,,,,,0,0,0,
8,6349,"ＭＭＰ－３",116,,,,5,0,5,,,,5,,,,,,,,,,,0,0,0,
8,6517,"Ｂ－Ｐ１ＮＰ",164,,,,4,0,4,,,,4,,,,,,,,,,,0,0,0,
8,6561,"培養同定検査（その他の部位）",170,,,,1,0,1,,,,1,,,,,,,,,,,0,0,0,
8,6630,"骨塩定量検査（ＤＥＸＡ法による腰椎",360,,,,9,0,9,,,,9,,,,,,,,,,,0,0,0,
8,6631,"大腿骨同時撮影加算（ＤＥＸＡ法）",90,,,,9,0,9,,,,9,,,,,,,,,,,0,0,0,
8,6705,"幼児加算（生体検査）（３歳以上６歳",1.4,,,,3,0,3,,,,3,,,,,,,,,,,0,0,0,
8,6904,"関節液一般",0,,,,1,0,1,,,,1,,,,,,,,,,,0,0,0,
8,9987,"生体検査乳幼児加算",1.7,,,,1,0,1,,,,1,,,,,,,,,,,0,0,0,
8,60004,"Ｃａ　アルブミン補正",0,,,,16,0,16,,,,16,,,,,,,,,,,0,0,0,
8,60005,"赤血球沈降速度(院外)",0,,,,9,0,9,,,,9,,,,,,,,,,,0,0,0,
8,0,"生化学Ⅰ　　　　　１０以上",106,,,,23,0,23,,,,23,,,,,,,,,,,0,0,0,
8,9911,"血液学的検査判断料",125,,,,22,0,22,,,,22,,,,,,,,,,,0,0,0,
8,9912,"生化学Ⅰ判断料",144,,,,22,0,22,,,,22,,,,,,,,,,,0,0,0,
8,9913,"生化学Ⅱ判断料",144,,,,4,0,4,,,,4,,,,,,,,,,,0,0,0,
8,9914,"免疫学的検査判断料",144,,,,13,0,13,,,,13,,,,,,,,,,,0,0,0,
8,9915,"微生物検査判断料",150,,,,1,0,1,,,,1,,,,,,,,,,,0,0,0,
9,4004,"幼児加算（画像）",1.3,,,,14,0,14,,,,14,,,,,,,,,,,0,0,0,
9,6632,"骨塩定量(オーダー用)",0,,,,9,0,9,,,,9,,,,,,,,,,,0,0,0,
9,6633,"エコー(オーダー用)",0,,,,127,0,127,,,,127,,,,,,,,,,,0,0,0,
9,7005,"緊急画像加算（外）",110,,,,3,0,3,,,,3,,,,,,,,,,,0,0,0,
9,7051,"Ｘ－Ｐ＜胸椎＞",85,,,,8,0,8,,,,8,,,,,,,,,,,0,0,0,
9,7053,"Ｘ－Ｐ＜胸骨＞",85,,,,2,0,2,,,,2,,,,,,,,,,,0,0,0,
9,7055,"Ｘ－Ｐ＜肋骨＞",85,,,,24,0,24,,,,24,,,,,,,,,,,0,0,0,
9,7060,"Ｘ－Ｐ＜腰椎＞",85,,,,258,0,258,,,,258,,,,,,,,,,,0,0,0,
9,7062,"Ｘ－Ｐ＜頸椎＞",85,,,,143,0,143,,,,143,,,,,,,,,,,0,0,0,
9,7064,"Ｘ－Ｐ＜骨盤＞",85,,,,3,0,3,,,,3,,,,,,,,,,,0,0,0,
9,7066,"Ｘ－Ｐ＜股関節部＞",85,,,,33,0,33,,,,33,,,,,,,,,,,0,0,0,
9,7068,"Ｘ－Ｐ＜肩関節部＞",85,,,,54,0,54,,,,54,,,,,,,,,,,0,0,0,
9,7069,"Ｘ－Ｐ＜鎖骨＞",85,,,,8,0,8,,,,8,,,,,,,,,,,0,0,0,
9,7072,"Ｘ－Ｐ＜肩鎖関節＞",85,,,,6,0,6,,,,6,,,,,,,,,,,0,0,0,
9,7079,"Ｘ－Ｐ＜踵骨＞",43,,,,23,0,23,,,,23,,,,,,,,,,,0,0,0,
9,7083,"Ｘ－Ｐ＜大腿＞",43,,,,4,0,4,,,,4,,,,,,,,,,,0,0,0,
9,7085,"Ｘ－Ｐ＜膝関節＞",43,,,,253,0,253,,,,253,,,,,,,,,,,0,0,0,
9,7087,"Ｘ－Ｐ＜下腿＞",43,,,,20,0,20,,,,20,,,,,,,,,,,0,0,0,
9,7088,"Ｘ－Ｐ＜足＞",43,,,,106,0,106,,,,106,,,,,,,,,,,0,0,0,
9,7089,"Ｘ－Ｐ＜足関節＞",43,,,,96,0,96,,,,96,,,,,,,,,,,0,0,0,
9,7091,"Ｘ－Ｐ＜足趾骨＞",43,,,,60,0,60,,,,60,,,,,,,,,,,0,0,0,
9,7093,"Ｘ－Ｐ＜上腕＞",43,,,,4,0,4,,,,4,,,,,,,,,,,0,0,0,
9,7096,"Ｘ－Ｐ＜肘関節＞",43,,,,44,0,44,,,,44,,,,,,,,,,,0,0,0,
9,7099,"Ｘ－Ｐ＜手＞",43,,,,44,0,44,,,,44,,,,,,,,,,,0,0,0,
9,7100,"Ｘ－Ｐ＜手関節＞",43,,,,58,0,58,,,,58,,,,,,,,,,,0,0,0,
9,7102,"Ｘ－Ｐ＜指＞",43,,,,108,0,108,,,,108,,,,,,,,,,,0,0,0,
9,7228,"デジタル映像　単純",57,,,,606,0,606,,,,606,,,,,,,,,,,0,0,0,
9,7301,"Ｘ－Ｐ＜仙椎＞",85,,,,6,0,6,,,,6,,,,,,,,,,,0,0,0,
9,7500,"他医撮影のコンピューター断層診断",450,,,,1,0,1,,,,1,,,,,,,,,,,0,0,0,
9,7501,"他医撮影の写真診断（単純撮影・イ）",85,,,,2,0,2,,,,2,,,,,,,,,,,0,0,0,
9,7502,"他医撮影の写真診断（単純撮影・ロ）",43,,,,3,0,3,,,,3,,,,,,,,,,,0,0,0,
9,7880,"Ｘ－Ｐ単純撮影（デジタル撮影）",68,,,,535,0,535,,,,535,,,,,,,,,,,0,0,0,
9,7881,"Ｘ－Ｐ単純撮影（デジタル撮影）（胸",68,,,,10,0,10,,,,10,,,,,,,,,,,1,10,0,
9,7882,"Ｘ－Ｐ単純撮影（デジタル撮影）（そ",68,,,,820,0,820,,,,820,,,,,,,,,,,1,820,0,
9,9998,"撮影料乳幼児加算",1.5,,,,4,0,4,,,,4,,,,,,,,,,,0,0,0,
10,1623,"療養の給付請求書取",2000,,,,3,0,3,,,,3,,,,,,,,,,,0,0,0,
10,1685,"労　休養保証証明書",2000,,,,1,0,1,,,,1,,,,,,,,,,,0,0,0,
10,8020,"処方せん特定疾患加",18,,,,2,0,2,,,,2,,,,,,,,,,,0,0,0,
10,8021,"特定疾患処方管理加算２（処方箋料）",66,,,,5,0,5,,,,5,,,,,,,,,,,0,0,0,
10,8024,"処方箋料（リフィル以外・その他）",68,,,,636,0,636,,,,636,,,,,,,,,,,0,0,0,
10,8025,"処方箋料（リフィル以外・７種類以上",40,,,,1,0,1,,,,1,,,,,,,,,,,0,0,0,
10,8026,"一般名処方加算２（処方箋料）",5,,,,263,0,263,,,,263,,,,,,,,,,,0,0,0,
10,8027,"一般名処方加算１（処方箋料）",7,,,,335,0,335,,,,335,,,,,,,,,,,0,0,0,
10,9932,"処方せん乳幼児加算",3,,,,2,0,2,,,,2,,,,,,,,,,,0,0,0,
10,1160,"目標設定等支援・管理料（初回）",250,,,,3,0,3,,,,3,,,,,,,,,,,0,0,0,
10,1161,"目標設定等支援・管理料（２回目以降",100,,,,1,0,1,,,,1,,,,,,,,,,,0,0,0,
10,1647,"労　運動器リハ３",85,"単位",,,11,0,11,,,,11,,,,,,,,,,,0,0,0,
10,1651,"労　運動器リハ２",180,"単位",,,62,0,62,,,,62,,,,,,,,,,,0,0,0,
10,8000,"運動器リハビリテーション料（３）",85,"単位",,,448,0,448,,,,448,,,,,,,,,,,0,0,0,
10,8001,"運動器リハビリテーション料（２）",170,"単位",,,697,0,697,,,,697,,,,,,,,,,,0,0,0,
10,8030,"労　リハ１．５加算",1.5,,,,25,0,25,,,,25,,,,,,,,,,,0,0,0,
10,8108,"リハビリテーション総合計画評価料１",300,,,,225,0,225,,,,225,,,,,,,,,,,0,0,0,
11,21,"腰部固定帯（自費）",2000,,,,1,0,1,,,,1,,,,,,,,,,,0,0,0,
11,9508,"巻き爪",11000,,,,1,0,1,,,,1,,,,,,,,,,,0,0,0,
11,9509,"巻き爪　再",2000,,,,6,0,6,,,,6,,,,,,,,,,,0,0,0,
11,9510,"巻き爪　材料",4000,,,,1,0,1,,,,1,,,,,,,,,,,0,0,0,
11,9512,"警察提出用　診断書(￥5500)",5500,,,,11,0,11,,,,11,,,,,,,,,,,0,0,0,
11,9519,"自賠責診断書",5500,,,,28,0,28,,,,28,,,,,,,,,,,0,0,0,
11,9520,"自賠責明細書",5500,,,,28,0,28,,,,28,,,,,,,,,,,0,0,0,
11,9561,"文書料",1,"円",,,1000,0,1000,,,,1000,,,,,,,,,,,0,0,0,
11,9568,"三角巾",500,,,,2,0,2,,,,2,,,,,,,,,,,0,0,0,
11,9571,"ソフラウルファ（1320円）",1320,"個",,,2,0,2,,,,2,,,,,,,,,,,0,0,0,
11,9600,"生命保険一般(\4400)",4400,,,,2,0,2,,,,2,,,,,,,,,,,0,0,0,
11,9604,"一般診断書(\2200)",2200,,,,9,0,9,,,,9,,,,,,,,,,,0,0,0,
11,9607,"松葉杖貸出　",5000,,,,8,0,8,,,,8,,,,,,,,,,,0,0,0,
11,9608,"松葉杖返却",-5000,,,,10,0,10,,,,10,,,,,,,,,,,0,0,0,
11,9613,"松葉杖（1日￥50円最大￥1,000円）",50,,,,166,0,166,,,,166,,,,,,,,,,,0,0,0,
11,9620,"診察券再発行(\100）",100,,,,1,0,1,,,,1,,,,,,,,,,,0,0,0,
11,9636,"その他自費",1,"円",,,10210,0,10210,,,,10210,,,,,,,,,,,0,0,0,
11,9645,"ファシリエイド　手首",2500,,,,4,0,4,,,,4,,,,,,,,,,,0,0,0,
11,9648,"ファシリエイド　母指",2000,,,,1,0,1,,,,1,,,,,,,,,,,0,0,0,
11,9674,"インフルエンザ予防接種(\4000)",4000,,,,18,0,18,,,,18,,,,,,,,,,,0,0,0,
11,9677,"インフルエンザ予防接種(無料)",0,,,,4,0,4,,,,4,,,,,,,,,,,0,0,0,
11,9687,"エクエル",4000,,,,3,0,3,,,,3,,,,,,,,,,,0,0,0,
11,9688,"ヒールクッション（片側 1500円）",1500,,,,2,0,2,,,,2,,,,,,,,,,,0,0,0,
13,6,"（レセ印字あり",0,,,,2539,0,2539,,,,2539,,,,,,,,,,,0,0,0,
13,11,"（処方箋用コメント",0,,,,521,0,521,,,,521,,,,,,,,,,,0,0,0,
13,92,"（",0,,,,5,0,5,,,,5,,,,,,,,,,,0,0,0,
13,93,"１日１回起床時",0,,,,23,0,23,,,,23,,,,,,,,,,,0,0,0,
13,96,"１日１回朝食後",0,,,,2597,0,2597,,,,2597,,,,,,,,,,,0,0,0,
13,98,"月１回起床時",0,,,,10,0,10,,,,10,,,,,,,,,,,0,0,0,
13,102,"１日１回昼食後",0,,,,28,0,28,,,,28,,,,,,,,,,,0,0,0,
13,105,"１日１回夕食後",0,,,,336,0,336,,,,336,,,,,,,,,,,0,0,0,
13,111,"１日１回就寝前",0,,,,352,0,352,,,,352,,,,,,,,,,,0,0,0,
13,117,"１日２回朝夕食後",0,,,,2765,0,2765,,,,2765,,,,,,,,,,,0,0,0,
13,122,"１日２回朝食後・就寝前",0,,,,153,0,153,,,,153,,,,,,,,,,,0,0,0,
13,129,"１日３回毎食前",0,,,,182,0,182,,,,182,,,,,,,,,,,0,0,0,
13,130,"１日３回毎食後",0,,,,3408,0,3408,,,,3408,,,,,,,,,,,0,0,0,
13,204,"１日３回毎食直後",0,,,,14,0,14,,,,14,,,,,,,,,,,0,0,0,
13,1350,"一包化",0,,,,28,0,28,,,,28,,,,,,,,,,,0,0,0,
13,10008,"土曜日に服用",0,,,,4,0,4,,,,4,,,,,,,,,,,0,0,0,
13,10009,"日曜日に服用",0,,,,4,0,4,,,,4,,,,,,,,,,,0,0,0,
13,10020,"後発品変更不可理由:",0,,,,56,0,56,,,,56,,,,,,,,,,,0,0,0,
13,6,"（レセ印字あり",0,,,,2830,0,2830,,,,2830,,,,,,,,,,,0,0,0,
13,92,"（",0,,,,30,0,30,,,,30,,,,,,,,,,,0,0,0,
13,300,"痛い時",0,,,,2910,0,2910,,,,2910,,,,,,,,,,,0,0,0,
13,306,"吐き気が強い時",0,,,,20,0,20,,,,20,,,,,,,,,,,0,0,0,
13,310,"不眠時",0,,,,62,0,62,,,,62,,,,,,,,,,,0,0,0,
13,317,"かゆい時",0,,,,5,0,5,,,,5,,,,,,,,,,,0,0,0,
13,6,"（レセ印字あり",0,,,,7,0,7,,,,7,,,,,,,,,,,0,0,0,
13,11,"（処方箋用コメント",0,,,,8,0,8,,,,8,,,,,,,,,,,0,0,0,
13,24,"（部位",0,,,,547,0,547,,,,547,,,,,,,,,,,0,0,0,
13,25,"日分",0,,,,407,0,407,,,,407,,,,,,,,,,,0,0,0,
13,92,"（",0,,,,9,0,9,,,,9,,,,,,,,,,,0,0,0,
13,186,"１日１回塗布",0,,,,1,0,1,,,,1,,,,,,,,,,,0,0,0,
13,188,"１日数回塗布",0,,,,123,0,123,,,,123,,,,,,,,,,,0,0,0,
13,195,"１日１枚貼付",0,,,,290,0,290,,,,290,,,,,,,,,,,0,0,0,
13,196,"１日２枚貼付",0,,,,104,0,104,,,,104,,,,,,,,,,,0,0,0,
13,197,"１日３枚貼付",0,,,,28,0,28,,,,28,,,,,,,,,,,0,0,0,
13,282,"１日２回",0,,,,2,0,2,,,,2,,,,,,,,,,,0,0,0,
13,10013,"湿布薬６３枚超の投与理由",0,,,,16,0,16,,,,16,,,,,,,,,,,0,0,0,
13,6,"（レセ印字あり",0,,,,2,0,2,,,,2,,,,,,,,,,,0,0,0,
13,23,"１日枚",0,,,,1,0,1,,,,1,,,,,,,,,,,0,0,0,
13,92,"（",0,,,,4,0,4,,,,4,,,,,,,,,,,0,0,0,
13,346,"注射",0,,,,3,0,3,,,,3,,,,,,,,,,,0,0,0,
13,6,"（レセ印字あり",0,,,,12,0,12,,,,12,,,,,,,,,,,0,0,0,
13,9905,"交付　※※XX年XX月XX日(B012)",0,,,,5041217,0,5041217,,,,5041217,,,,,,,,,,,0,0,0,
13,9906,"交付　※※XX年XX月XX日(B013)",0,,,,25206092,0,25206092,,,,25206092,,,,,,,,,,,0,0,0,
13,9909,"同意書/診断書記載の病名(B013)；",0,,,,9,0,9,,,,9,,,,,,,,,,,0,0,0,
13,96,"１日１回朝食後",0,,,,90,0,90,,,,90,,,,,,,,,,,0,0,0,
13,6,"（レセ印字あり",0,,,,290,0,290,,,,290,,,,,,,,,,,0,0,0,
13,300,"痛い時",0,,,,290,0,290,,,,290,,,,,,,,,,,0,0,0,
13,24,"（部位",0,,,,17,0,17,,,,17,,,,,,,,,,,0,0,0,
13,25,"日分",0,,,,17,0,17,,,,17,,,,,,,,,,,0,0,0,
13,195,"１日１枚貼付",0,,,,10,0,10,,,,10,,,,,,,,,,,0,0,0,
13,196,"１日２枚貼付",0,,,,5,0,5,,,,5,,,,,,,,,,,0,0,0,
13,197,"１日３枚貼付",0,,,,2,0,2,,,,2,,,,,,,,,,,0,0,0,
13,6,"（レセ印字あり",0,,,,27,0,27,,,,27,,,,,,,,,,,0,0,0,
13,24,"（部位",0,,,,5,0,5,,,,5,,,,,,,,,,,0,0,0,
13,6,"（レセ印字あり",0,,,,197,0,197,,,,197,,,,,,,,,,,0,0,0,
13,24,"（部位",0,,,,155,0,155,,,,155,,,,,,,,,,,0,0,0,
13,6,"（レセ印字あり",0,,,,65,0,65,,,,65,,,,,,,,,,,0,0,0,
13,24,"（部位",0,,,,2,0,2,,,,2,,,,,,,,,,,0,0,0,
13,0,"算定　ＸＸ日",0,,,,40,0,40,,,,40,,,,,,,,,,,0,0,0,
13,6,"（レセ印字あり",0,,,,107,0,107,,,,107,,,,,,,,,,,0,0,0,
13,24,"（部位",0,,,,1,0,1,,,,1,,,,,,,,,,,0,0,0,
13,4631,"前回 ※※XX年XX月XX日(D2171)",0,,,,5040614,0,5040614,,,,5040614,,,,,,,,,,,0,0,0,
13,99992,"初回(D2171)",0,,,,8,0,8,,,,8,,,,,,,,,,,0,0,0,
13,0,"時間外緊画診断 XX日XX時XX分 (E)",0,,,,233855,0,233855,,,,233855,,,,,,,,,,,0,0,0,
13,6,"（レセ印字あり",0,,,,153,0,153,,,,153,,,,,,,,,,,0,0,0,
13,16,"右",0,,,,196,0,196,,,,196,,,,,,,,,,,0,0,0,
13,17,"左",0,,,,211,0,211,,,,211,,,,,,,,,,,0,0,0,
13,18,"両側",0,,,,18,0,18,,,,18,,,,,,,,,,,0,0,0,
13,24,"（部位",0,,,,39,0,39,,,,39,,,,,,,,,,,0,0,0,
13,7168,"正側",0,,,,466,0,466,,,,466,,,,,,,,,,,0,0,0,
13,7169,"両",0,,,,11,0,11,,,,11,,,,,,,,,,,0,0,0,
13,8100,"正斜",0,,,,64,0,64,,,,64,,,,,,,,,,,0,0,0,
13,8009,"H002　発症日　※※XX年XX月XX日",0,,,,6008919401,0,6008919401,,,,6008919401,,,,,,,,,,,0,0,0,
13,8107,"疾患名（H002）；",0,,,,1220,0,1220,,,,1220,,,,,,,,,,,0,0,0,
13,6,"（レセ印字あり",0,,,,8,0,8,,,,8,,,,,,,,,,,0,0,0,
13,7,"（レセ印字なし",0,,,,1,0,1,,,,1,,,,,,,,,,,0,0,0,
13,24,"（部位",0,,,,7,0,7,,,,7,,,,,,,,,,,0,0,0,
13,9999,"（",0,,,,1,0,1,,,,1,,,,,,,,,,,0,0,0,
14,5,"ナノパスニードルⅡ",17,"本",4,,28,0,28,476,0,476,28,,,,,,,,,,,0,0,0,
14,20054,"ボルタレンゲル１％",4.9,"ｇ",3,,100,0,100,490,0,490,100,,,,,,,,,,,1,100,0,
14,20063,"レバミピド錠１００ｍｇ「オーツカ」",10.1,"錠",1,,534,0,534,5393.4,0,5393.4,534,,,,,,,,,,,1,534,0,
14,20074,"レボフロキサシン５００ｍｇ錠　（レ",57,"錠",1,,21,0,21,1197,0,1197,21,,,,,,,,,,,1,21,0,
14,20102,"ラベプラゾールＮａ塩錠１０ｍｇ「オ",34.4,"錠",1,,30,0,30,1032,0,1032,30,,,,,,,,,,,1,30,0,
14,20107,"トアラセット配合錠「トーワ」",14.6,"錠",1,,168,0,168,2452.8,0,2452.8,168,,,,,,,,,,,1,168,0,
14,20125,"エチゾラム錠０．５ｍｇ「トーワ」",6.4,"錠",1,,168,0,168,1075.2,0,1075.2,168,,,,,,,,,,,1,168,0,
14,20154,"ランソプラゾールＯＤ錠１５ｍｇ「日",16.4,"錠",1,,35,0,35,574,0,574,35,,,,,,,,,,,1,35,0,
14,20160,"エペリゾン塩酸塩５０ｍｇ錠",5.9,"錠",1,,1395,0,1395,8230.5,0,8230.5,1395,,,,,,,,,,,1,1395,0,
14,20170,"センノシド錠１２ｍｇ「サワイ」",5.1,"錠",1,,63,0,63,321.3,0,321.3,63,,,,,,,,,,,1,63,0,
14,20196,"リカルボン錠５０ｍｇ",2103.7,"錠",1,,8,0,8,16829.6,0,16829.6,8,,,,,,,,,,,1,8,0,
14,20197,"バゼドキシフェン錠２０ｍｇ「サワイ",37.2,"錠",1,,28,0,28,1041.6,0,1041.6,28,,,,,,,,,,,1,28,0,
14,20198,"リマプロストアルファデクス錠５μｇ",13.9,"錠",1,,70,0,70,973,0,973,70,,,,,,,,,,,1,70,0,
14,20199,"エルデカルシトールカプセル０．７５",25.6,"cap",1,,178,0,178,4556.8,0,4556.8,178,,,,,,,,,,,1,178,0,
14,20220,"アルファカルシドール０．５μｇ錠",5.9,"錠",1,,60,0,60,354,0,354,60,,,,,,,,,,,1,60,0,
14,20221,"アルファカルシドール１μｇ錠",6.4,"錠",1,,112,0,112,716.8,0,716.8,112,,,,,,,,,,,1,112,0,
14,20244,"リセドロン酸Ｎａ錠７５ｍｇ「トーワ",476.9,"錠",1,,6,0,6,2861.4,0,2861.4,6,,,,,,,,,,,1,6,0,
14,20261,"アルファロールカプセル０．５μｇ",10.6,"cap",1,,35,0,35,371,0,371,35,,,,,,,,,,,1,35,0,
14,20274,"プレドニゾロン錠　１ｍｇ",8.3,"錠",1,,116,0,116,962.8,0,962.8,116,,,,,,,,,,,1,116,0,
14,20285,"リンデロン－Ｖクリーム０．１２％",21.6,"ｇ",3,,30,0,30,648,0,648,30,,,,,,,,,,,1,30,0,
14,20287,"ミカムロ配合錠ＡＰ",70.9,"錠",1,,42,0,42,2977.8,0,2977.8,42,,,,,,,,,,,1,42,0,
14,20290,"テリパラチドＢＳ皮下注キット６００",21577,"ｷｯﾄ",4,,4,0,4,86308,0,86308,4,,,,,,,,,,,1,4,0,
14,20292,"エルデカルシトールカプセル０．５μ",18,"cap",1,,252,0,252,4536,0,4536,252,,,,,,,,,,,1,252,0,
14,20293,"ミノドロン酸錠５０ｍｇ「トーワ」",698.1,"錠",1,,3,0,3,2094.3,0,2094.3,3,,,,,,,,,,,1,3,0,
14,20294,"エパルレスタット錠５０ｍｇ「サワイ",27,"錠",1,,105,0,105,2835,0,2835,105,,,,,,,,,,,1,105,0,
14,20295,"ミノドロン酸錠５０ｍｇ「ニプロ」",698.1,"錠",1,,1,0,1,698.1,0,698.1,1,,,,,,,,,,,1,1,0,
14,20296,"ケトプロフェンテープ４０ｍｇ「テイ",17.1,"枚",3,,63,0,63,1077.3,0,1077.3,63,,,,,,,,,,,1,63,0,
14,20299,"メトトレキサート２ｍｇカプセル",67.8,"cap",1,,12,0,12,813.6,0,813.6,12,,,,,,,,,,,1,12,0,
14,20319,"フェルビナク３％ローション",3.2,"mL",3,,1660,0,1660,5312,0,5312,1660,,,,,,,,,,,1,1660,0,
14,20320,"ツムラ六君子湯エキス顆粒（医療用）",18.3,"ｇ",1,,210,0,210,3843,0,3843,210,,,,,,,,,,,1,210,0,
14,20321,"ロペミンカプセル１ｍｇ",16,"cap",1,,168,0,168,2688,0,2688,168,,,,,,,,,,,1,168,0,
14,20323,"フルスルチアミン錠２５ｍｇ「トーワ",5.5,"錠",1,,70,0,70,385,0,385,70,,,,,,,,,,,1,70,0,
14,20324,"イグラチモド錠２５ｍｇ「サワイ」",56.1,"錠",1,,35,0,35,1963.5,0,1963.5,35,,,,,,,,,,,1,35,0,
14,20325,"メトトレキサート錠２ｍｇ「あゆみ」",109.7,"錠",1,,20,0,20,2194,0,2194,20,,,,,,,,,,,1,20,0,
14,20328,"ロキソプロフェンＮａテープ１００ｍ",17.1,"枚",3,,168,0,168,2872.8,0,2872.8,168,,,,,,,,,,,1,168,0,
14,20332,"ベネット錠７５ｍｇ",1981.7,"錠",1,,2,0,2,3963.4,0,3963.4,2,,,,,,,,,,,1,2,0,
14,20333,"ロキソプロフェンＮａパップ２００ｍ",32.1,"枚",3,,28,0,28,898.8,0,898.8,28,,,,,,,,,,,1,28,0,
14,20336,"Ｌ－アスパラギン酸Ｃａ錠２００ｍｇ",5.7,"錠",1,,56,0,56,319.2,0,319.2,56,,,,,,,,,,,1,56,0,
14,20340,"ケフラール細粒小児用１００ｍｇ",44.3,"ｇ",1,,35.1,0,35.1,1554.93,0,1554.93,35.1,,,,,,,,,,,1,35.1,0,
14,20341,"トコフェロールニコチン酸エステル２",5.7,"cap",1,,56,0,56,319.2,0,319.2,56,,,,,,,,,,,1,56,0,
14,20344,"ジクロフェナクナトリウム３７．５ｍ",5.9,"cap",1,,112,0,112,660.8,0,660.8,112,,,,,,,,,,,1,112,0,
14,20345,"ジクトルテープ７５ｍｇ",155.8,"枚",3,,238,0,238,37080.4,0,37080.4,238,,,,,,,,,,,1,238,0,
14,20347,"ユリス錠０．５ｍｇ",29.2,"錠",1,,105,0,105,3066,0,3066,105,,,,,,,,,,,1,105,0,
14,20350,"デルモゾールＧローション",27.7,"mL",3,,70,0,70,1939,0,1939,70,,,,,,,,,,,1,70,0,
14,20351,"ケトコナゾール２％ローション",16,"ｇ",3,,30,0,30,480,0,480,30,,,,,,,,,,,1,30,0,
14,20359,"デエビゴ錠２．５ｍｇ",55.4,"錠",1,,63,0,63,3490.2,0,3490.2,63,,,,,,,,,,,1,63,0,
14,20360,"プレガバリン７５ｍｇ口腔内崩壊錠",21.1,"錠",1,,70,0,70,1477,0,1477,70,,,,,,,,,,,1,70,0,
14,20369,"ベオーバ錠５０ｍｇ",169,"錠",1,,63,0,63,10647,0,10647,63,,,,,,,,,,,1,63,0,
14,20370,"メトクロプラミド５ｍｇ錠",5.7,"錠",1,,56,0,56,319.2,0,319.2,56,,,,,,,,,,,1,56,0,
14,20371,"デエビゴ錠５ｍｇ",87.9,"錠",1,,56,0,56,4922.4,0,4922.4,56,,,,,,,,,,,1,56,0,
14,20372,"サラゾスルファピリジン５００ｍｇ錠",8,"錠",1,,112,0,112,896,0,896,112,,,,,,,,,,,1,112,0,
14,20379,"オロパタジン塩酸塩錠５ｍｇ「明治」",10.5,"錠",1,,116,0,116,1218,0,1218,116,,,,,,,,,,,1,116,0,
14,20385,"ツートラム錠５０ｍｇ",58.5,"錠",1,,112,0,112,6552,0,6552,112,,,,,,,,,,,1,112,0,
14,20388,"ツムラ五苓散エキス顆粒（医療用）",13.8,"ｇ",1,,210,0,210,2898,0,2898,210,,,,,,,,,,,1,210,0,
14,20390,"ケトコナゾール２％クリーム",16,"ｇ",3,,50,0,50,800,0,800,50,,,,,,,,,,,1,50,0,
14,20392,"エパデールカプセル３００　３００ｍ",27.4,"cap",1,,84,0,84,2301.6,0,2301.6,84,,,,,,,,,,,1,84,0,
14,20394,"マーズレンＳ配合顆粒",12.1,"ｇ",1,,45,0,45,544.5,0,544.5,45,,,,,,,,,,,1,45,0,
14,20396,"ケトチフェンフマル酸塩０．０２％シ",6.5,"mL",2,,10,0,10,65,0,65,10,,,,,,,,,,,1,10,0,
14,21024,"パントシン錠１００　１００ｍｇ",7.6,"錠",1,,84,0,84,638.4,0,638.4,84,,,,,,,,,,,1,84,0,
14,21025,"メチコバール錠５００μｇ　０．５ｍ",12.2,"錠",1,,449,0,449,5477.8,0,5477.8,449,,,,,,,,,,,1,449,0,
14,21032,"プレドニン錠５ｍｇ",9.8,"錠",1,,42,0,42,411.6,0,411.6,42,,,,,,,,,,,1,42,0,
14,21033,"ノイロトロピン錠４単位",28.9,"錠",1,,828,0,828,23929.2,0,23929.2,828,,,,,,,,,,,1,828,0,
14,21034,"ＳＧ配合顆粒",9.4,"ｇ",1,,168,0,168,1579.2,0,1579.2,168,,,,,,,,,,,1,168,0,
14,21035,"カロナールシロップ２％",4.7,"mL",1,,253.5,0,253.5,1191.45,0,1191.45,253.5,,,,,,,,,,,1,253.5,0,
14,21035,"カロナールシロップ２％",4.7,"mL",2,,60,0,60,282,0,282,60,,,,,,,,,,,1,60,0,
14,21037,"カロナール錠２００　２００ｍｇ",5.9,"錠",1,,847,0,847,4997.3,0,4997.3,847,,,,,,,,,,,1,847,0,
14,21037,"カロナール錠２００　２００ｍｇ",5.9,"錠",2,,660,0,660,3894,0,3894,660,,,,,,,,,,,1,660,0,
14,21038,"カロナール錠３００　３００ｍｇ",6.8,"錠",1,,119,0,119,809.2,0,809.2,119,,,,,,,,,,,1,119,0,
14,21038,"カロナール錠３００　３００ｍｇ",6.8,"錠",2,,160,0,160,1088,0,1088,160,,,,,,,,,,,1,160,0,
14,21040,"カロナール錠５００　５００ｍｇ",7.6,"錠",1,,56,0,56,425.6,0,425.6,56,,,,,,,,,,,1,56,0,
14,21040,"カロナール錠５００　５００ｍｇ",7.6,"錠",2,,50,0,50,380,0,380,50,,,,,,,,,,,1,50,0,
14,21042,"アザルフィジンＥＮ錠５００ｍｇ",37,"錠",1,,154,0,154,5698,0,5698,154,,,,,,,,,,,1,154,0,
14,21043,"ケアラム錠２５ｍｇ",121.1,"錠",1,,60,0,60,7266,0,7266,60,,,,,,,,,,,1,60,0,
14,21044,"リウマトレックスカプセル２ｍｇ",165.6,"cap",1,,8,0,8,1324.8,0,1324.8,8,,,,,,,,,,,1,8,0,
14,21053,"リリカＯＤ錠２５ｍｇ",45.2,"錠",1,,1909,0,1909,86286.8,0,86286.8,1909,,,,,,,,,,,1,1909,0,
14,21057,"リリカＯＤ錠７５ｍｇ",75,"錠",1,,1432,0,1432,107400,0,107400,1432,,,,,,,,,,,1,1432,0,
14,21060,"タリージェ錠５ｍｇ",100.4,"錠",1,,980,0,980,98392,0,98392,980,,,,,,,,,,,1,980,0,
14,21062,"タリージェ錠１５ｍｇ",168,"錠",1,,170,0,170,28560,0,28560,170,,,,,,,,,,,1,170,0,
14,21067,"ハイペン錠１００ｍｇ",12.7,"錠",1,,90,0,90,1143,0,1143,90,,,,,,,,,,,1,90,0,
14,21072,"セレコックス錠１００ｍｇ",38.9,"錠",1,,462,0,462,17971.8,0,17971.8,462,,,,,,,,,,,1,462,0,
14,21076,"ロキソニン錠６０ｍｇ",11,"錠",1,,5446,0,5446,59906,0,59906,5446,,,,,,,,,,,1,5446,0,
14,21076,"ロキソニン錠６０ｍｇ",11,"錠",2,,2320,0,2320,25520,0,25520,2320,,,,,,,,,,,1,2320,0,
14,21077,"トラムセット配合錠",41.7,"錠",1,,270,0,270,11259,0,11259,270,,,,,,,,,,,1,270,0,
14,21077,"トラムセット配合錠",41.7,"錠",2,,40,0,40,1668,0,1668,40,,,,,,,,,,,1,40,0,
14,21080,"ワントラム錠１００ｍｇ",93.6,"錠",1,,28,0,28,2620.8,0,2620.8,28,,,,,,,,,,,1,28,0,
14,21082,"ツムラ牛車腎気丸エキス顆粒（医療用",10.7,"ｇ",1,,472.5,0,472.5,5055.75,0,5055.75,472.5,,,,,,,,,,,1,472.5,0,
14,21084,"ツムラ大建中湯エキス顆粒（医療用）",9,"ｇ",1,,210,0,210,1890,0,1890,210,,,,,,,,,,,1,210,0,
14,21087,"ツムラ芍薬甘草湯エキス顆粒（医療用",6.9,"ｇ",1,,315,0,315,2173.5,0,2173.5,315,,,,,,,,,,,1,315,0,
14,21089,"テルネリン錠１ｍｇ",11,"錠",1,,21,0,21,231,0,231,21,,,,,,,,,,,1,21,0,
14,21092,"ＰＬ配合顆粒",6.5,"ｇ",1,,84,0,84,546,0,546,84,,,,,,,,,,,1,84,0,
14,21097,"ケフラールカプセル２５０ｍｇ",54.7,"cap",1,,159,0,159,8697.3,0,8697.3,159,,,,,,,,,,,1,159,0,
14,21115,"ビビアント錠２０ｍｇ",76.2,"錠",1,,146,0,146,11125.2,0,11125.2,146,,,,,,,,,,,1,146,0,
14,21117,"ボナロン経口ゼリー３５ｍｇ",803.3,"包",1,,8,0,8,6426.4,0,6426.4,8,,,,,,,,,,,1,8,0,
14,21118,"ボンビバ錠１００ｍｇ",2104.3,"錠",1,,3,0,3,6312.9,0,6312.9,3,,,,,,,,,,,1,3,0,
14,21122,"アクトネル錠７５ｍｇ",1758.4,"錠",1,,2,0,2,3516.8,0,3516.8,2,,,,,,,,,,,1,2,0,
14,21123,"グラケーカプセル１５ｍｇ",21.6,"cap",1,,56,0,56,1209.6,0,1209.6,56,,,,,,,,,,,1,56,0,
14,21126,"ワンアルファ錠１．０μｇ　１μｇ",31.5,"錠",1,,28,0,28,882,0,882,28,,,,,,,,,,,1,28,0,
14,21127,"エディロールカプセル０．５μｇ",40.3,"cap",1,,56,0,56,2256.8,0,2256.8,56,,,,,,,,,,,1,56,0,
14,21128,"エディロールカプセル０．７５μｇ",56.9,"cap",1,,471,0,471,26799.9,0,26799.9,471,,,,,,,,,,,1,471,0,
14,21130,"バイアスピリン錠１００ｍｇ",5.7,"錠",1,,30,0,30,171,0,171,30,,,,,,,,,,,1,30,0,
14,21133,"オパルモン錠５μｇ",32,"錠",1,,2394,0,2394,76608,0,76608,2394,,,,,,,,,,,1,2394,0,
14,21135,"エパデールＳ９００　９００ｍｇ",62.7,"包",1,,56,0,56,3511.2,0,3511.2,56,,,,,,,,,,,1,56,0,
14,21141,"リピトール錠１０ｍｇ",49.2,"錠",1,,30,0,30,1476,0,1476,30,,,,,,,,,,,1,30,0,
14,21160,"ノバミン錠５ｍｇ",9.8,"錠",1,,28,0,28,274.4,0,274.4,28,,,,,,,,,,,1,28,0,
14,21160,"ノバミン錠５ｍｇ",9.8,"錠",2,,20,0,20,196,0,196,20,,,,,,,,,,,1,20,0,
14,21165,"タケキャブ錠１０ｍｇ",105.3,"錠",1,,147,0,147,15479.1,0,15479.1,147,,,,,,,,,,,1,147,0,
14,21167,"パリエット錠１０ｍｇ",61.5,"錠",1,,56,0,56,3444,0,3444,56,,,,,,,,,,,1,56,0,
14,21170,"マグミット錠３３０ｍｇ",5.7,"錠",1,,84,0,84,478.8,0,478.8,84,,,,,,,,,,,1,84,0,
14,21175,"ムコスタ錠１００ｍｇ",10.1,"錠",1,,5506,0,5506,55610.6,0,55610.6,5506,,,,,,,,,,,1,5506,0,
14,21175,"ムコスタ錠１００ｍｇ",10.1,"錠",2,,2320,0,2320,23432,0,23432,2320,,,,,,,,,,,1,2320,0,
14,21178,"サインバルタカプセル２０ｍｇ",105.8,"cap",1,,400,0,400,42320,0,42320,400,,,,,,,,,,,1,400,0,
14,21179,"サインバルタカプセル３０ｍｇ",140.2,"cap",1,,562,0,562,78792.4,0,78792.4,562,,,,,,,,,,,1,562,0,
14,21188,"レンドルミン錠０．２５ｍｇ",16.8,"錠",1,,30,0,30,504,0,504,30,,,,,,,,,,,1,30,0,
14,21196,"マイスリー錠５ｍｇ",27.3,"錠",2,,62,0,62,1692.6,0,1692.6,62,,,,,,,,,,,1,62,0,
14,28002,"ゲンタシン軟膏０．１％　１ｍｇ",11,"ｇ",3,,40,0,40,440,0,440,40,,,,,,,,,,,1,40,0,
14,28003,"ユベラ軟膏",2.9,"ｇ",3,,168,0,168,487.2,0,487.2,168,,,,,,,,,,,1,168,0,
14,28005,"ヒルドイドクリーム０．３％",20.1,"ｇ",3,,150,0,150,3015,0,3015,150,,,,,,,,,,,1,150,0,
14,28012,"ロキソニンゲル１％",3.9,"ｇ",3,,25,0,25,97.5,0,97.5,25,,,,,,,,,,,1,25,0,
14,28019,"ロコアテープ　１０ｃｍ×１４ｃｍ",39.7,"枚",3,,70,0,70,2779,0,2779,70,,,,,,,,,,,1,70,0,
14,28020,"セクターローション３％",5.6,"mL",3,,100,0,100,560,0,560,100,,,,,,,,,,,1,100,0,
14,28021,"モーラステープ２０ｍｇ　７ｃｍ×１",21.1,"枚",3,,210,0,210,4431,0,4431,210,,,,,,,,,,,1,210,0,
14,28022,"モーラステープＬ４０ｍｇ　１０ｃｍ",31.6,"枚",3,,875,0,875,27650,0,27650,875,,,,,,,,,,,1,875,0,
14,28032,"フェルビナクスチック軟膏３％「三笠",5.7,"ｇ",3,,3880,0,3880,22116,0,22116,3880,,,,,,,,,,,1,3880,0,
14,28036,"ロキソニンテープ５０ｍｇ　７ｃｍ×",16.7,"枚",3,,1309,0,1309,21860.3,0,21860.3,1309,,,,,,,,,,,1,1309,0,
14,28037,"ロキソニンテープ１００ｍｇ　１０ｃ",24.4,"枚",3,,8379,0,8379,204447.6,0,204447.6,8379,,,,,,,,,,,1,8379,0,
14,28038,"ロキソニンパップ１００ｍｇ　１０ｃ",24.4,"枚",3,,91,0,91,2220.4,0,2220.4,91,,,,,,,,,,,1,91,0,
14,28040,"ボルタレンサポ２５ｍｇ",31.9,"個",3,,40,0,40,1276,0,1276,40,,,,,,,,,,,1,40,0,
14,28046,"キンダベート軟膏０．０５％",16.5,"ｇ",3,,10,0,10,165,0,165,10,,,,,,,,,,,1,10,0,
14,30032,"テリボン皮下注２８．２μｇオートイ",5995,"ｷｯﾄ",4,,30,0,30,179850,0,179850,30,,,,,,,,,,,1,30,0,
14,30054,"リンデロン－ＶＧ軟膏０．１２％",27.7,"ｇ",3,,20,0,20,554,0,554,20,,,,,,,,,,,1,20,0,
